{
  "QB": {
    "rolling_avg_pts_5": 0.4194921508866867,
    "rolling_avg_pts_3": 0.0918311677265204,
    "attempts_season_avg": 0.0836710752088459,
    "season_avg_pts": 0.07682326149775295,
    "vegas_total": 0.05644363986928789,
    "implied_team_total": 0.04878130899933875,
    "rolling_avg_pts_1": 0.039359861539298525,
    "scramble_threat": 0.030166049583862594,
    "ypa_roll3": 0.026992682593964576,
    "passing_yards_roll3": 0.026171371105456392,
    "comp_pct_season_avg": 0.025814208353974067,
    "completion_pct_roll3": 0.024900945973227707,
    "int_rate": 0.02258877592692697,
    "td_rate": 0.020407479579589972,
    "home": 0.006447999873368454,
    "injury_encoded": 0.00010802128189818515,
    "opp_def_fp_roll4": 0.0,
    "snap_pct": 0.0
  },
  "RB": {
    "rolling_avg_pts_5": 0.5252676433189967,
    "season_avg_pts": 0.139163570890577,
    "carries_roll3": 0.06376051871906746,
    "rolling_avg_pts_3": 0.046539617449236105,
    "rolling_avg_pts_1": 0.042538012075123637,
    "rushing_yards_roll3": 0.03894142037194436,
    "td_rate": 0.03263382228025158,
    "rec_yards_roll3": 0.030656861391797612,
    "implied_team_total": 0.029467824885254547,
    "vegas_total": 0.026140213510480036,
    "receptions_roll3": 0.01912493719697944,
    "home": 0.003948365467732794,
    "injury_encoded": 0.0018171924425588782,
    "opp_def_fp_roll4": 0.0,
    "snap_pct": 0.0
  },
  "WR": {
    "rolling_avg_pts_5": 0.5420496433349624,
    "season_avg_pts": 0.1125919317121174,
    "target_share_roll3": 0.1108017771088157,
    "td_rate": 0.034884535978496285,
    "vegas_total": 0.031657556346781524,
    "rolling_avg_pts_1": 0.03020747028126697,
    "implied_team_total": 0.030018745715903124,
    "targets_roll3": 0.02986246315860928,
    "rolling_avg_pts_3": 0.02946244915967165,
    "rec_yards_roll3": 0.028053142299347234,
    "receptions_roll3": 0.015228946842153755,
    "home": 0.0032070201837100373,
    "injury_encoded": 0.0019743178781643977,
    "opp_def_fp_roll4": 0.0,
    "snap_pct": 0.0
  },
  "TE": {
    "target_share_roll3": 0.3468072416193959,
    "rolling_avg_pts_5": 0.14823392910727726,
    "targets_roll3": 0.12108918427664292,
    "season_avg_pts": 0.12026689755832085,
    "rec_yards_roll3": 0.04859907418792731,
    "rolling_avg_pts_3": 0.04088595633838307,
    "rolling_avg_pts_1": 0.03729156446757195,
    "vegas_total": 0.03667215360134584,
    "td_rate": 0.036005491960971955,
    "implied_team_total": 0.03230642522968161,
    "receptions_roll3": 0.025763941932828067,
    "home": 0.004711887307513965,
    "injury_encoded": 0.0013662524121393694,
    "opp_def_fp_roll4": 0.0,
    "snap_pct": 0.0
  }
}